Enter YouTube video URL,Status,Transcript,timestamp
https://www.youtube.com/watch?v=MSPJ8PqLcgc,Transcript successfully extracted (Arabic)!,"ما هو معروف حتى الان ان الاتفاق سيتم على
ثلاث مراحل المتفق عليه بالتفصيل هو
المرحله الاولى وفق الاتفاق سيشمل الاتفاق
في المرحله الاولى على خمسه عناوين رئيسيه
تمثل تفاصيل هذه المرحله وقف اطلاق النار
بين الجانبين ثم الانسحاب الاسرائيلي من
غزه وعوده النازحين ودخول المساعدات
الانسانيه وتبادل الاسرى بين الجانبين
كانت المفاوضات تتركز على رسم تفاصيل كل
عنوان من هذه العناوين فبالنسبه لوقف
اطلاق النار وفق الاتفاق فانه سيتم
الالتزام بصيغه مجلس الامن
2728 الصادر في مارس الماضي وهذه الصيغه
تنص على الهدوء المستدام الذي يفضي الى
وقف دائم لاطلاق النار بالاضافه الى ضمان
ان تتواصل المراحل الثلاث لتنفيذ الاتفاق
مع استمرار التفاوض وعدم العوده
للقتال فيما يتعلق بالانسحاب الاسرائيلي
من قطاع غزه بحسب الاتفاق قد بدات القوات
الاسرائيليه بالفعل بتفكيك مواقع عسكريه
في محور نت سري
وسط قطاع غزه كما يظهر في هذه
الخريطه ينص الاتفاق على الانسحاب في
اليوم الاول من المناطق السكنيه ثم
الانسحاب بحلول اليوم السابع للاتفاق من
شارع الرشيد على البحر يتوازى ذلك مع
انسحاب تدريجي من محور نت سريم الى شرق
شارع صلاح الدين بحلول اليوم الثاني والعش
للاتفاق والانسحاب التدريجي كذلك من محور
فيلادلفيا
وصولا الى الانسحاب الكامل من المحور في
اليوم ال50 لتوقيع الاتفاق مع هذه
الانسحابات تحافظ اسرائيل في المرحله
الاولى على وجود في المنطقه الحدوديه
الفاصله بين قطاع غزه واسرائيل لكن خارج
المناطق السكنيه وفق الاتفاق ستبقى القوات
في المرحله الاولى فقط بعمق يتراوح بين
400 متر الى 900 متر بحسب عمق المناطق
المفتوحه قرب السياج الفاصل بين الجانبين
العنوان الثالث يتم الاتفاق على عوده
النازحين ابتداء من اليوم السابع لتوازي
مع عمليه الانسحاب من شارع الرشيد غربا
يضمن الاتفاق ابتداء من اليوم السابع حريه
الحركه للفلسطينيين في كل مناطق القطاع
دون
قيود العنوان الرابع هو الاتفاق في موضوع
المساعدات 600 شاحنه يوميا سيتم ادخالها
محمله بالمساعدات الغذائيه والطبيه
بالاضافه الى ادخال 50 شاحن محمله بالوقود
وخيام ومنازل متنقله وال المهدمه بيوتهم
في المناطق الواسعه من
القطع العنوان الخامس الاعقد الاكثر اهميه
وحساسيه هو موضوع التبادل سيجري الافراج
في المرحله الاولى عن 33 اسيرا اسرائيليا
بينهم مدنيون ومجندات وجنود باحوال
انسانيه خاصه في المقابل ستفرج اسرائيل
عما يتراوح بين 1500 و000 اسير ومن ضمن
هؤلاء سيتم الافراج عن كل النساء والاطفال
للمعتقلين بعد السابع من اكتوبر بالاضافه
الى هذا الرقم سيتم الافراج عن اكثر من
500 اسير تزيد احكامهم عن 15 عاما والاهم
الافراج عن 250 اسيرا محكوما بالسجن
المؤبد من اصل 550 اسيرا محكوما بالمؤبد
في السجون
الاسرائيليه ستكون هذه المرحله الاولى من
الاتفاق وستفتح الباب امام المرحله
الثانيه التي ستشمل ملفات اكثر تعقيدا
فيما يتعلق بصفقه تبادل الاسرى تحديدا
بطبيعه الحال سيضمن الوسطاء استمرار
المفاوضات وصولا الى نهايه حرب استمرت
اكثر من 15 شهرا بهذه الصيغه سيتوقف
القتال في غزه لاول مره منذ نوفمبر من عام
2023",2025-01-18 01:16:45.386690
